subset_id,model,label,Dice,IoU,Sensitivity,Precision,Specificity,D95,ASSD
8,BANet,1,0.8359505549556552,0.7312329409573165,0.8567973939667635,0.8343665505088682,0.9969420983014494,11.34307029533537,2.263002503054024
8,BGHNetV4,1,0.8281398074431188,0.7253307461516808,0.8923311018977721,0.7996528548757799,0.9955425481638536,12.348522295996776,2.629982725011312
8,MedNeXt,1,0.821418816286619,0.7147413567502209,0.8989336281137108,0.7793485767751909,0.9949332152619444,16.798693481403753,3.5925758937586294
8,nnUNet,1,0.8403239896527644,0.735468002866037,0.8509604628034882,0.847070319407407,0.9974803027605843,10.695716658124251,2.137552743133431
8,RWKV_med,1,0.0,0.0,0.0,nan,1.0,nan,nan
8,RWKV_fd,1,0.7636119293987745,0.6426750109396197,0.8675650900882754,0.7147766469301153,0.9919014095457876,22.708366710536396,5.0919778636176245
8,RWKV_fd_loss,1,0.7858005137080287,0.6689527154307011,0.8777908209593104,0.7370107128004724,0.9931903277008309,19.888269386840626,4.152613725237664
8,UNet3D,1,0.8418344324227348,0.7363763995375447,0.8606831441533427,0.842468462979793,0.9975140362822174,8.293871390230555,1.878300330224841
