subset_id,model,label,Dice,IoU,Sensitivity,Precision,Specificity,D95,ASSD
2,BANet,1,0.8675957577552724,0.7747773194250757,0.8808286442374331,0.8627324061327066,0.9976538190929274,8.735076963260445,1.710255634183038
2,BGHNetV4,1,0.8309977044786437,0.7341138266449645,0.9058489383900327,0.8009865455320806,0.995517765451515,13.147508241418057,3.1048701529331804
2,MedNeXt,1,0.8201263058368333,0.7206098581130789,0.9040266469961222,0.7805089185703127,0.9950602561185224,15.971218541342433,4.205461589308171
2,nnUNet,1,0.8686139243810544,0.7749575280039567,0.8742034737074862,0.8717203499799883,0.9979019923136383,8.376946132949902,1.6325516756151806
2,RWKV_fd,1,0.7553506519434929,0.6393095440408363,0.8738431715568662,0.7052026234712827,0.9917664543553318,23.52528863284085,6.2562998348609655
2,RWKV_fd_loss,1,0.7824776240146031,0.6725823440466485,0.8851214935315401,0.7325614564148053,0.9926134679230723,19.0366895940785,4.666816704254373
2,UNet3D,1,0.8617692869636656,0.7646500439416931,0.8722420204633462,0.8634951869842968,0.9978476338866799,7.988275910058076,1.621233699476545
