subset_id,model,label,Dice,IoU,Sensitivity,Precision,Specificity,D95,ASSD
6,BANet,1,0.8283737614197395,0.7334677439962436,0.8600431136326439,0.8222889247621776,0.9973175306030461,12.525439485170233,3.5937075234511253
6,BGHNetV4,1,0.7967978585171213,0.7013651628656361,0.8841036427024894,0.766154810915333,0.9935855442162917,16.197338672581715,4.477571315212554
6,MedNeXt,1,0.8027068450925754,0.708022142561132,0.8763713814710652,0.7693934995462273,0.9946829738495537,17.31140741857441,4.883183757239271
6,nnUNet,1,0.838059270127492,0.7447493865379049,0.8580501510913301,0.8392472154049297,0.9976929681811073,11.448616250292362,2.802070655898607
6,RWKV_med,1,0.0,0.0,0.0,nan,1.0,nan,nan
6,RWKV_fd,1,0.7486382141862651,0.6375075497124462,0.8518613949583923,0.707475581268356,0.9923257956476557,26.64006770164981,6.678204771845266
6,RWKV_fd_loss,1,0.7593261915288656,0.6513028386802867,0.8636866625094524,0.7169295413563281,0.9927291114461558,21.246212067682684,6.160927168424269
6,UNet3D,1,0.8293017399955632,0.7323723849878453,0.8477073771911886,0.8298547402696175,0.9979129718967332,8.02415686084799,2.1107238623141478
