subset_id,model,label,Dice,IoU,Sensitivity,Precision,Specificity,D95,ASSD
15,BANet,1,0.8306546232266564,0.7360446250089072,0.8668868043175031,0.8161029182900583,0.9965230768478749,10.835240031340811,3.4173564080159933
15,BGHNetV4,1,0.8129419639578103,0.7223310441918555,0.8833792869942038,0.7874842008787302,0.9937737911075516,11.865146306758472,3.7680504573492444
15,MedNeXt,1,0.8089813540793379,0.7115576463225493,0.8881699590707036,0.7665776033963032,0.9937219783651063,15.86696027453167,4.50687049926375
15,nnUNet,1,0.8387755457703048,0.7456995655562871,0.8646581795898683,0.8311557710298537,0.9968780742280469,10.101972360843817,2.70960027775068
15,RWKV_med,1,0.0,0.0,0.0,nan,1.0,nan,nan
15,RWKV_fd,1,0.7650126256499782,0.6542139264575141,0.8753644584069786,0.7153519014034146,0.9911889393833141,21.742586815786513,5.6721917184572845
15,RWKV_fd_loss,1,0.7672000618224637,0.656627703143083,0.8790921932284117,0.7125968307804211,0.992265701208993,20.29232652354598,5.494928146632648
15,UNet3D,1,0.8394696889953235,0.7450479098112913,0.870200873658072,0.8256856151923181,0.9971472986372703,8.377835404155045,2.0969863005570124
