subset_id,model,label,Dice,IoU,Sensitivity,Precision,Specificity,D95,ASSD
12,BANet,1,0.8586528424722999,0.7624091533423532,0.868586422185821,0.8611894633697645,0.9981893051228393,8.888096674980778,1.7704025128791099
12,BGHNetV4,1,0.8383207871084519,0.7412725699243244,0.896044186476586,0.819234032867605,0.9966777370001398,11.510168332840985,2.5998741513121955
12,MedNeXt,1,0.8333575352068543,0.7352157330067663,0.9038435419849261,0.8011794602862222,0.9963271303463503,13.65723930570204,3.3864813026811253
12,nnUNet,1,0.8569356154294479,0.7596866844589879,0.862549584342798,0.865652138516,0.9982612134859744,8.634948137178355,1.7634041631231459
12,RWKV_fd,1,0.771907765118004,0.6548871076168974,0.8721573699621088,0.7282985099342818,0.9941142824046019,23.28722866494629,5.6412814741074495
12,RWKV_fd_loss,1,0.7907294568051308,0.6783454358942311,0.8846292222671371,0.7469360940351045,0.9945928340165897,19.12785202405587,4.580760571407079
12,UNet3D,1,0.8574001714396594,0.7602725777849895,0.8745218411963951,0.8568871535153966,0.9980739712415797,7.354463393214277,1.656423767391423
