subset_id,model,label,Dice,IoU,Sensitivity,Precision,Specificity,D95,ASSD
1,BANet,1,0.851500552718637,0.755756486615841,0.8737517863557999,0.85266177289685,0.9976646368906981,10.364343090096352,2.0143402071064003
1,BGHNetV4,1,0.8288310013034896,0.7328844431810582,0.8948617178682511,0.8089608038910849,0.9956837830033388,12.835165290006978,3.083748291671385
1,MedNeXt,1,0.8319200176907369,0.7333014997710231,0.8937413416426814,0.8005744765768379,0.996385913980758,15.889098641444786,3.741621018272707
1,nnUNet,1,0.8577871256111497,0.7618994409396722,0.8708174681421117,0.8654595833866392,0.9980625112953565,10.074701988578346,1.9361174951362046
1,RWKV_fd,1,0.7910844735951726,0.6812955628240903,0.8831574416901804,0.7499312613678193,0.9939611333909205,20.057716900060026,4.771334691834373
1,RWKV_fd_loss,1,0.7850909949279622,0.6726170274470337,0.8832187252749634,0.7405327260603937,0.9938418602720376,22.532059100464522,5.348242377017556
1,UNet3D,1,0.8614249650336234,0.767142035768272,0.8831934694397461,0.8559142888576565,0.9979850106922777,7.063039502562828,1.5253060546224333
