subset_id,model,label,Dice,IoU,Sensitivity,Precision,Specificity,D95,ASSD
10,BANet,1,0.8399392179063054,0.7472700870370537,0.8633575433246895,0.8272757127258856,0.9970430059365075,10.941017231050694,3.346049192048165
10,BGHNetV4,1,0.8102133705200092,0.713183329600226,0.8805062046492047,0.7792196232414434,0.9939630512448356,15.734985979436038,4.0639323481705505
10,MedNeXt,1,0.805007083205304,0.7045103988897267,0.8919470199661464,0.7569713240326863,0.9930976214708656,18.374836644779684,4.609821008456663
10,nnUNet,1,0.8463739069173226,0.7541555556694579,0.861366502592087,0.8398682365889585,0.9973148454323949,9.800893087792605,2.495620029910429
10,RWKV_fd,1,0.7658694621304502,0.6538729360173917,0.8716219852355997,0.7139954145086465,0.9906576569031416,21.239022718369647,5.633367843122421
10,RWKV_fd_loss,1,0.7735950144256474,0.6627175947404995,0.8734760978226854,0.7223399961077096,0.991921268303481,21.03371587286865,5.177705009346857
10,UNet3D,1,0.847905365508101,0.755584246649209,0.8723025969332558,0.8352723543899583,0.9976497066339984,7.3893702108353665,1.9546498369156968
