subset_id,model,label,Dice,IoU,Sensitivity,Precision,Specificity,D95,ASSD
17,BANet,1,0.876626303851969,0.7895606827896041,0.8944392466207841,0.8682676371298029,0.9975354503647147,7.129459838379935,1.4736357414718193
17,BGHNetV4,1,0.8693380220912083,0.7820492651016673,0.9100848521102354,0.8494113342604557,0.9967153634645877,9.245004305409882,1.9743973072040621
17,MedNeXt,1,0.8459417796820101,0.7494757123051089,0.9176738536177489,0.8054471202363966,0.9950217444821643,15.516680625602556,3.2114668995153934
17,nnUNet,1,0.8749278589195153,0.785993560639666,0.8882127881102739,0.8708433375361985,0.997779894717213,7.134518054121372,1.472205995884013
17,RWKV_med,1,0.0,0.0,0.0,nan,1.0,nan,nan
17,RWKV_fd,1,0.8037840430263363,0.6910209751910701,0.8988336551658133,0.7547839530723975,0.9927691396646402,20.814006996694488,4.652685244474572
17,RWKV_fd_loss,1,0.8151912055341329,0.7047577413018764,0.8928374592252151,0.770472505337435,0.9937378374202342,17.176967160920253,3.6878087679996328
17,UNet3D,1,0.88030609576318,0.7912280759706769,0.8954830344136923,0.8771411357168724,0.9980389682007915,6.541098526657427,1.3775989997133693
