subset_id,model,label,Dice,IoU,Sensitivity,Precision,Specificity,D95,ASSD
13,BANet,1,0.8539837381103667,0.7683696484930456,0.8625704619165349,0.8547420888607202,0.9982029237194627,9.907712446886661,3.179312241715091
13,BGHNetV4,1,0.827960991313662,0.7397227099265613,0.8816348648448853,0.8087079730951675,0.9957507174683569,13.551191031326326,3.6349596954898686
13,MedNeXt,1,0.8095598197507972,0.7146266273106235,0.8816153378693616,0.7758642895048389,0.9948700772656658,19.49412746492582,4.883195822573504
13,nnUNet,1,0.8543399638766394,0.7676876495305749,0.8596402634525321,0.8592125555281921,0.9981792541057555,9.496191672595192,2.4693704658871014
13,RWKV_fd,1,0.7646157967621076,0.6575200222688441,0.8734113280963711,0.7166276849580628,0.9917498668995661,25.47609023687711,6.558139749488035
13,RWKV_fd_loss,1,0.7763034107310742,0.6709998319793804,0.8677253852791361,0.732852865870276,0.9933958389119759,22.49874371368889,5.603455386829417
13,UNet3D,1,0.8523624842388455,0.7634471832853846,0.8637474874441156,0.8516350555254174,0.9984699424800741,7.814353312639961,1.9484409325131509
