subset_id,model,label,Dice,IoU,Sensitivity,Precision,Specificity,D95,ASSD
14,BANet,1,0.850177978280129,0.7575506974947512,0.8946916831263056,0.8328165887769652,0.9964566390470233,8.508143461243156,1.9810610467645602
14,BGHNetV4,1,0.82340453331452,0.7295827517759491,0.9091069390845045,0.791464754069356,0.9941483648043355,12.432536322989565,3.3634830278124825
14,MedNeXt,1,0.8184898795813431,0.7180383942090905,0.9053607219362103,0.7750817989269785,0.9939903470210318,15.305660365164465,3.985108343173829
14,nnUNet,1,0.8574265920747074,0.7657626822651068,0.8920955434799602,0.8462452984336253,0.9970827466825336,7.940170889775478,1.9672020574094957
14,RWKV_med,1,0.0,0.0,0.0,nan,1.0,nan,nan
14,RWKV_fd,1,0.7556739897030428,0.637566049357104,0.8891319375646314,0.6967853776958132,0.990222266042075,25.510075906483543,6.079338768989868
14,RWKV_fd_loss,1,0.7814398579917555,0.6694835853376824,0.888996673983421,0.7301718160767143,0.9915183000820227,17.070613712765457,4.387695079375452
14,UNet3D,1,0.8529824446684267,0.7566841263838111,0.8840869833422348,0.8468479683066755,0.9972056530724135,7.791666702104033,1.8333628415577539
