subset_id,model,label,Dice,IoU,Sensitivity,Precision,Specificity,D95,ASSD
16,BANet,1,0.847327663909299,0.759404380986984,0.846746666909298,0.8536671164233878,0.9981070509129422,9.776954393583797,3.1900777920076466
16,BGHNetV4,1,0.813249854946883,0.7224780955638389,0.8711861266327631,0.7970150083349424,0.9950985450259671,14.118953733171775,3.9793988001848666
16,MedNeXt,1,0.810103918276153,0.7189835824373845,0.873411255753276,0.7847309679932646,0.9951575741702381,15.06282497841211,4.564088421894127
16,nnUNet,1,0.8475488813940141,0.7582676982834263,0.8428319331140862,0.8599246722140194,0.9980979854690654,9.181394197038724,2.4364505523714817
16,RWKV_med,1,0.0,0.0,0.0,nan,1.0,nan,nan
16,RWKV_fd,1,0.764186058523423,0.6614674230622356,0.8515042809451095,0.7348478747593592,0.9928699406338992,19.636553539237156,5.867885595988445
16,RWKV_fd_loss,1,0.770751424198622,0.6679053050413991,0.8581528549048192,0.7357286837506557,0.9933342026704842,21.2953030431613,5.696928508024757
16,UNet3D,1,0.847632132893455,0.7567709870068351,0.851297463707118,0.853827540119983,0.9984775113935738,8.031814720796946,1.9968358359881972
