subset_id,model,label,Dice,IoU,Sensitivity,Precision,Specificity,D95,ASSD
7,BANet,1,0.8474174057680506,0.7571576824378734,0.8599050848418095,0.846017134047681,0.9980967024954033,10.946234245827437,3.2717638351044314
7,BGHNetV4,1,0.8084686916128897,0.7157496543333517,0.8745320242589056,0.789272290811547,0.9946583255284349,14.204084486484609,4.014913674659331
7,MedNeXt,1,0.8060464390336997,0.7097024136661318,0.875645471131634,0.7762800896590304,0.9951622005137356,19.716279575324656,4.914550463355186
7,nnUNet,1,0.8546497279205532,0.7656577024947783,0.8566139049143733,0.862083556524647,0.998269218137736,10.08909748062225,2.4633561887752826
7,RWKV_med,1,0.0,0.0,0.0,nan,1.0,nan,nan
7,RWKV_fd,1,0.7652558990457449,0.6578975069445623,0.8645087785354069,0.7265452142376603,0.9929898279397511,22.884934230511483,6.275831993970344
7,RWKV_fd_loss,1,0.770962455082285,0.664539716810554,0.8582432091661121,0.7373901384611988,0.993840964133336,21.776647578039523,5.702240754278653
7,UNet3D,1,0.8477230424746548,0.7559067459954922,0.8619661766636378,0.8427509411336512,0.9983158875385119,8.025453274169394,1.962596337194763
