subset_id,model,label,Dice,IoU,Sensitivity,Precision,Specificity,D95,ASSD
4,BANet,1,0.8472628103401962,0.7555315031689618,0.8615988834488653,0.8446353088613503,0.9976892388301657,10.988644061050284,3.2771370389619663
4,BGHNetV4,1,0.8077411046735378,0.7153206123825878,0.8794249914028025,0.7869963056823833,0.9945577890801467,14.291687212483543,4.207532455028828
4,MedNeXt,1,0.8133926901632735,0.7193276039391765,0.8889461351623087,0.7789106308229267,0.9948152107165779,15.879804151604196,4.501881607566214
4,nnUNet,1,0.8525178625834032,0.761144383453649,0.8550508766673672,0.8596212578167831,0.9979581982072123,10.015063470756832,2.4590065540311863
4,RWKV_fd,1,0.7622923687659048,0.6543800874537559,0.8607199419499711,0.7258029330466093,0.9925723788752787,21.479694290473343,6.0479104914246
4,RWKV_fd_loss,1,0.7816030620186084,0.6792006390901513,0.87085658102378,0.7460262188972807,0.9935814566259704,17.79683089763233,4.965665219744183
4,UNet3D,1,0.8450222180039466,0.7504386971004119,0.8629678234163372,0.8367802122215228,0.9979085474657371,8.248711905652643,2.009947367488143
