subset_id,model,label,Dice,IoU,Sensitivity,Precision,Specificity,D95,ASSD
5,BANet,1,0.8330710874896818,0.7437130097614905,0.8643603329600111,0.8267817778321142,0.997079614276313,11.096723441977733,3.5712842602100165
5,BGHNetV4,1,0.8255886956892571,0.7362210531162036,0.8755162300219077,0.8114440054627658,0.9947543141630029,12.213370567346278,3.4754591526656013
5,MedNeXt,1,0.811188238122516,0.716164830570081,0.880548478906932,0.7773644997262178,0.9942192912529768,16.691140098210845,4.284553739322263
5,nnUNet,1,0.8287237197265409,0.7351846803779913,0.8577166734034704,0.8254438105763857,0.9970798145740275,12.054146923894255,3.1576466316490395
5,RWKV_fd,1,0.7734258557430382,0.6665008221783489,0.8753070221308594,0.7274777173540411,0.991090463394606,22.984130870867716,5.690135512758566
5,RWKV_fd_loss,1,0.783534093164912,0.6784649463705149,0.8653133661899981,0.7441018940842612,0.992573991012059,20.021261699850108,4.763920688928846
5,UNet3D,1,0.8350574879928263,0.742405616207113,0.869007531082652,0.8262071523172356,0.9974279998070212,8.295696436378032,2.26453916069607
