subset_id,model,label,Dice,IoU,Sensitivity,Precision,Specificity,D95,ASSD
9,BANet,1,0.8291428313732704,0.7381578310199185,0.8593275009966227,0.8186515426200218,0.996841515120632,10.68767043889213,3.54518629620017
9,BGHNetV4,1,0.8083267088993515,0.7178566911193739,0.8794105865375123,0.7817743059854987,0.9938083027817928,13.431577652978405,4.014059131050768
9,MedNeXt,1,0.8095904912836207,0.7167688716350185,0.8760557873342556,0.7722623188728639,0.9945306931812045,15.020589313781802,4.350622229330997
9,nnUNet,1,0.836104983194673,0.7451023160653417,0.8545663656644404,0.835010763068379,0.9972501347168002,9.728572547503529,2.773714412346563
9,RWKV_fd,1,0.7574960087941542,0.6485255378751807,0.858220224905564,0.7131771685853745,0.9912052489691415,22.41625523049911,6.064025522740602
9,RWKV_fd_loss,1,0.7703781351853438,0.6645516457075865,0.863150270176634,0.7245390778685408,0.992178282727011,18.86693236791088,5.236887254411528
9,UNet3D,1,0.8348297252272772,0.7415247231418558,0.8521987496164023,0.8341214070210963,0.9975983297097007,7.636717779371468,2.139057733424298
