subset_id,model,label,Dice,IoU,Sensitivity,Precision,Specificity,D95,ASSD
11,BANet,1,0.8526444179608792,0.7571906046360002,0.9006335639552819,0.8289824102424174,0.9969049400416591,8.911861232546967,1.83358501953741
11,BGHNetV4,1,0.7994127671589888,0.6978223730535296,0.9114857823692992,0.7577687277202875,0.9937027531502824,15.67717318862864,3.9581655460317933
11,MedNeXt,1,0.7940668802840133,0.6878173598167969,0.9106197417958551,0.7376369911253324,0.9940437711689072,21.324869948081634,5.227211078059732
11,nnUNet,1,0.8598700918645307,0.7650649873936749,0.8988626390396147,0.8405282394195762,0.9973792707052775,8.269933308613991,1.7439522074744183
11,RWKV_fd,1,0.7362758951153199,0.6183119809648918,0.8912962700924533,0.6744194592861359,0.9905706230460465,28.898739613801364,7.361957307703594
11,RWKV_fd_loss,1,0.757885489655696,0.6445143922833646,0.8884310614470803,0.7034549384827888,0.9918335438931332,22.038806358117476,5.871239441818804
11,UNet3D,1,0.849716011379704,0.7499136952441127,0.886476487134912,0.8336997232083887,0.9974683145833432,8.666565830316921,1.7697350688953357
