subset_id,model,label,Dice,IoU,Sensitivity,Precision,Specificity,D95,ASSD
3,BANet,1,0.8391089387456478,0.7477631608882138,0.8748502674845833,0.8249319682593956,0.9972129478511729,11.03315372599281,3.395866383971981
3,BGHNetV4,1,0.8238792311398463,0.7310273121042427,0.8843284054641675,0.7992335947309541,0.9947437704385163,14.248795628761238,3.7117539413040888
3,MedNeXt,1,0.8146298724682588,0.720326005338527,0.8907353229640161,0.7708346003988875,0.994379417400868,18.14037325937145,4.523063285115368
3,nnUNet,1,0.8418561495585003,0.7498474060194633,0.8707028425218475,0.8329964211389334,0.9973258098319251,10.337361183603997,2.694401936938353
3,RWKV_fd,1,0.7698518029813675,0.6607402166330202,0.8764944891183475,0.7208687596559149,0.9917555053763512,25.016760017774864,6.218154722897508
3,RWKV_fd_loss,1,0.7868598499572782,0.6812761924410824,0.8738119222586498,0.7441515841905019,0.9932571173045744,19.553547175382878,5.072539597081706
3,UNet3D,1,0.8393994008259265,0.7459824948772805,0.8754809799788046,0.820551960486878,0.9974948833143449,8.024893366413014,2.090278177494659
