subset_id,model,label,Dice,IoU,Sensitivity,Precision,Specificity,D95,ASSD
0,BANet,1,0.8473972311240201,0.7485726869512815,0.8717279885030775,0.8376940498584219,0.9968122973422446,10.250674510297909,2.096115447602616
0,BGHNetV4,1,0.8180325511296364,0.7189020550351891,0.889592901963552,0.7945417048996803,0.995481845538813,14.07010668511486,3.4763530700464083
0,MedNeXt,1,0.8140535614749578,0.7091770248611088,0.8960534370074015,0.773751826820902,0.9946754075222245,18.681176884529677,4.3191878474289656
0,nnUNet,1,0.8571035280630752,0.7609816769699183,0.8693913229142041,0.857866268926809,0.9974062943939218,8.670619410608753,1.8595591434030063
0,RWKV_med,1,0.0,0.0,0.0,nan,1.0,nan,nan
0,RWKV_fd,1,0.766902511222165,0.6520086339281578,0.8730464426594129,0.7213735923433656,0.9919234500568154,22.230700883890382,5.451735909708594
0,RWKV_fd_loss,1,0.7764334396683577,0.6624102574917263,0.8779679827796943,0.728012965568037,0.992746075458841,18.254568905585707,4.766098094857059
0,UNet3D,1,0.8517263435819775,0.7517665725115521,0.8792108665541356,0.8435894375171433,0.9974105590207305,9.504181514477576,1.9672358319802903
