model,label,Accuracy,Avg. Symmetric Surface Distance,Dice,False Discovery Rate,False Negative Rate,False Omission Rate,False Positive Rate,Jaccard,Negative Predictive Value,Precision,Recall,Total Positives Reference,Total Positives Test,True Negative Rate
nnFormer,0,0.9998126131971715,0.014018537630399001,0.9999062685561073,0.00010541398127054173,8.204274710895157e-05,0.21052657674690947,0.24509431198359188,0.9998125574699366,0.7894734232530907,0.9998945860187295,0.999917957252891,40182818.69565217,40183931.26086956,0.7549056880164081
nnFormer,1,0.9998126131971715,2.4761601956779837,0.7590549939545543,0.21052657674690947,0.24509431198359188,0.00010541398127053422,8.204274710895157e-05,0.6198289093251745,0.9998945860187295,0.7894734232530907,0.7549056880164081,16393.82608695652,15281.260869565218,0.999917957252891
