{
  "stats": {
    "f0_band1": {
      "n": 10,
      "mean_ratio": 172.92312686220922,
      "std_ratio": 3.848829843530521
    },
    "f0_band2": {
      "n": 10,
      "mean_ratio": 153.22260818973183,
      "std_ratio": 4.3784071590681135
    },
    "f0_band3": {
      "n": 10,
      "mean_ratio": 140.92763122086637,
      "std_ratio": 4.936247379007414
    },
    "f1_band1": {
      "n": 10,
      "mean_ratio": 1283.0716331090603,
      "std_ratio": 24.128796665793146
    },
    "f1_band2": {
      "n": 10,
      "mean_ratio": 1958.985857106482,
      "std_ratio": 84.58793493226642
    },
    "f1_band3": {
      "n": 10,
      "mean_ratio": 2290.5130620091973,
      "std_ratio": 83.16925871305465
    }
  },
  "cases_analyzed": 10
}